{
  "name": "swade-cyber-css",
  "title": "SWADE Cyberpunk Theme",
  "description": "<p>A character sheet theme for SWADE</p>",
  "version": "1.1.3",
  "author": "Kyane",
  "systems": ["swade"],
  "scripts": [],
  "esmodules": [],
  "styles": ["swade_cyber.css"],
  "packs": [],
  "url": "https://github.com/Tenyryas/swade-cyber-css",
  "manifest": "https://raw.githubusercontent.com/Tenyryas/swade-cyber-css/master/module.json",
  "download": "https://github.com/Tenyryas/swade-cyber-css/raw/v1.1.3/swade-cyber-css.zip",
  "compatibleCoreVersion" : "0.6.5",
  "minimumCoreVersion": "0.6.5"
}