{
  "id": "swade-cyber-css",
  "title": "SWADE Cyberpunk Theme",
  "description": "<p>A character sheet theme for SWADE</p>",
  "url": "https://github.com/Tenyryas/swade-cyber-css",
  "authors": [
    {
      "name": "Kyane",
      "url": "https://github.com/Tenyryas",
      "discord": "Kyane#8654",
      "flags": {}
    }
  ],
  "version": "1.3.6",
  "compatibility": {
    "minimum": "13",
    "verified": "13"
  },
  "scripts": [
    "scripts/init.js"
  ],
  "styles": [
    "swade_cyber.css"
  ],
  "languages": [
    {
      "lang": "en",
      "name": "English",
      "path": "lang/en.json",
      "flags": {}
    },
    {
      "lang": "fr",
      "name": "Français",
      "path": "lang/fr.json",
      "flags": {}
    },
    {
      "lang": "de",
      "name": "Deutsch",
      "path": "lang/de.json",
      "flags": {}
    }
  ],
  "manifest": "https://raw.githubusercontent.com/Tenyryas/swade-cyber-css/master/module.json",
  "download": "https://github.com/Tenyryas/swade-cyber-css/raw/v1.3.6/swade-cyber-css.zip"
}